result_format: 4
drop database if exists shaoge;
drop table if exists t1;
create database shaoge;
use shaoge;

create table t1(col_float float, col_char char(100), col_text text);
insert into t1 values (1.1, '1.1', '1.1');
insert into t1 values (1.9, '1.9', '1.9');
insert into t1 values (2.1, '2.1', '2.1');
insert into t1 values (2.9, '2.9', '2.9');
insert into t1 values (9223372036854775807, '9223372036854775807', '9223372036854775807');
insert into t1 values (9223372036854775807.5, '9223372036854775807.5', '9223372036854775807.5');
insert into t1 values (9223372036854775806.5, '9223372036854775806.5', '9223372036854775806.5');
insert into t1 values (null, '1234567890123456789012345678901234567890.5', '1234567890123456789012345678901234567890.5');

insert into t1 values (-1.1, '-1.1', '-1.1');
insert into t1 values (-1.9, '-1.9', '-1.9');
insert into t1 values (-2.1, '-2.1', '-2.1');
insert into t1 values (-2.9, '-2.9', '-2.9');
insert into t1 values (-9223372036854775807, '-9223372036854775808', '-9223372036854775808');
insert into t1 values (-9223372036854775807.5, '-9223372036854775807.5', '-9223372036854775807.5');
insert into t1 values (-9223372036854775806.5, '-9223372036854775806.5', '-9223372036854775806.5');
insert into t1 values (null, '-1234567890123456789012345678901234567890.5', '-1234567890123456789012345678901234567890.5');

create table tbl_check_zerofill(col_zf int(3) zerofill, col_no_zf int(3));
insert into tbl_check_zerofill values(1, 1);

// sql engine 3.0 test
// string->int/uint will trunc
// otherwise will round
select col_float, cast(col_float as signed) from t1;
+-------------+---------------------------+
| col_float   | cast(col_float as signed) |
+-------------+---------------------------+
|         1.1 |                         1 |
|         1.9 |                         2 |
|         2.1 |                         2 |
|         2.9 |                         3 |
|  9.22337e18 |      -9223372036854775808 |
|  9.22337e18 |      -9223372036854775808 |
|  9.22337e18 |      -9223372036854775808 |
|        NULL |                      NULL |
|        -1.1 |                        -1 |
|        -1.9 |                        -2 |
|        -2.1 |                        -2 |
|        -2.9 |                        -3 |
| -9.22337e18 |      -9223372036854775808 |
| -9.22337e18 |      -9223372036854775808 |
| -9.22337e18 |      -9223372036854775808 |
|        NULL |                      NULL |
+-------------+---------------------------+
select col_char, cast(col_char as signed) from t1;
+---------------------------------------------+--------------------------+
| col_char                                    | cast(col_char as signed) |
+---------------------------------------------+--------------------------+
| 1.1                                         |                        1 |
| 1.9                                         |                        1 |
| 2.1                                         |                        2 |
| 2.9                                         |                        2 |
| 9223372036854775807                         |      9223372036854775807 |
| 9223372036854775807.5                       |      9223372036854775807 |
| 9223372036854775806.5                       |      9223372036854775806 |
| 1234567890123456789012345678901234567890.5  |      9223372036854775807 |
| -1.1                                        |                       -1 |
| -1.9                                        |                       -1 |
| -2.1                                        |                       -2 |
| -2.9                                        |                       -2 |
| -9223372036854775808                        |     -9223372036854775808 |
| -9223372036854775807.5                      |     -9223372036854775807 |
| -9223372036854775806.5                      |     -9223372036854775806 |
| -1234567890123456789012345678901234567890.5 |     -9223372036854775808 |
+---------------------------------------------+--------------------------+
Warnings:
Warning	1292	Truncated incorrect INTEGER value: '1.1'
Warning	1292	Truncated incorrect INTEGER value: '1.9'
Warning	1292	Truncated incorrect INTEGER value: '2.1'
Warning	1292	Truncated incorrect INTEGER value: '2.9'
Warning	1292	Truncated incorrect INTEGER value: '9223372036854775807.5'
Warning	1292	Truncated incorrect INTEGER value: '9223372036854775806.5'
Warning	1292	Truncated incorrect INTEGER value: '-1.1'
Warning	1292	Truncated incorrect INTEGER value: '-1.9'
Warning	1292	Truncated incorrect INTEGER value: '-2.1'
Warning	1292	Truncated incorrect INTEGER value: '-2.9'
Warning	1292	Truncated incorrect INTEGER value: '-9223372036854775807.5'
Warning	1292	Truncated incorrect INTEGER value: '-9223372036854775806.5'
select col_text, cast(col_text as signed) from t1;
+---------------------------------------------+--------------------------+
| col_text                                    | cast(col_text as signed) |
+---------------------------------------------+--------------------------+
| 1.1                                         |                        1 |
| 1.9                                         |                        1 |
| 2.1                                         |                        2 |
| 2.9                                         |                        2 |
| 9223372036854775807                         |      9223372036854775807 |
| 9223372036854775807.5                       |      9223372036854775807 |
| 9223372036854775806.5                       |      9223372036854775806 |
| 1234567890123456789012345678901234567890.5  |      9223372036854775807 |
| -1.1                                        |                       -1 |
| -1.9                                        |                       -1 |
| -2.1                                        |                       -2 |
| -2.9                                        |                       -2 |
| -9223372036854775808                        |     -9223372036854775808 |
| -9223372036854775807.5                      |     -9223372036854775807 |
| -9223372036854775806.5                      |     -9223372036854775806 |
| -1234567890123456789012345678901234567890.5 |     -9223372036854775808 |
+---------------------------------------------+--------------------------+
Warnings:
Warning	1292	Truncated incorrect INTEGER value: '1.1'
Warning	1292	Truncated incorrect INTEGER value: '1.9'
Warning	1292	Truncated incorrect INTEGER value: '2.1'
Warning	1292	Truncated incorrect INTEGER value: '2.9'
Warning	1292	Truncated incorrect INTEGER value: '9223372036854775807.5'
Warning	1292	Truncated incorrect INTEGER value: '9223372036854775806.5'
Warning	1292	Truncated incorrect INTEGER value: '-1.1'
Warning	1292	Truncated incorrect INTEGER value: '-1.9'
Warning	1292	Truncated incorrect INTEGER value: '-2.1'
Warning	1292	Truncated incorrect INTEGER value: '-2.9'
Warning	1292	Truncated incorrect INTEGER value: '-9223372036854775807.5'
Warning	1292	Truncated incorrect INTEGER value: '-9223372036854775806.5'

select col_float, cast(col_float as unsigned) from t1;
+-------------+-----------------------------+
| col_float   | cast(col_float as unsigned) |
+-------------+-----------------------------+
|         1.1 |                           1 |
|         1.9 |                           2 |
|         2.1 |                           2 |
|         2.9 |                           3 |
|  9.22337e18 |         9223372036854775808 |
|  9.22337e18 |         9223372036854775808 |
|  9.22337e18 |         9223372036854775808 |
|        NULL |                        NULL |
|        -1.1 |        18446744073709551615 |
|        -1.9 |        18446744073709551614 |
|        -2.1 |        18446744073709551614 |
|        -2.9 |        18446744073709551613 |
| -9.22337e18 |         9223372036854775808 |
| -9.22337e18 |         9223372036854775808 |
| -9.22337e18 |         9223372036854775808 |
|        NULL |                        NULL |
+-------------+-----------------------------+
select col_char, cast(col_char as unsigned) from t1;
+---------------------------------------------+----------------------------+
| col_char                                    | cast(col_char as unsigned) |
+---------------------------------------------+----------------------------+
| 1.1                                         |                          1 |
| 1.9                                         |                          1 |
| 2.1                                         |                          2 |
| 2.9                                         |                          2 |
| 9223372036854775807                         |        9223372036854775807 |
| 9223372036854775807.5                       |        9223372036854775807 |
| 9223372036854775806.5                       |        9223372036854775806 |
| 1234567890123456789012345678901234567890.5  |       18446744073709551615 |
| -1.1                                        |       18446744073709551615 |
| -1.9                                        |       18446744073709551615 |
| -2.1                                        |       18446744073709551614 |
| -2.9                                        |       18446744073709551614 |
| -9223372036854775808                        |        9223372036854775808 |
| -9223372036854775807.5                      |        9223372036854775809 |
| -9223372036854775806.5                      |        9223372036854775810 |
| -1234567890123456789012345678901234567890.5 |       18446744073709551615 |
+---------------------------------------------+----------------------------+
Warnings:
Warning	1292	Truncated incorrect INTEGER value: '1.1'
Warning	1292	Truncated incorrect INTEGER value: '1.9'
Warning	1292	Truncated incorrect INTEGER value: '2.1'
Warning	1292	Truncated incorrect INTEGER value: '2.9'
Warning	1292	Truncated incorrect INTEGER value: '9223372036854775807.5'
Warning	1292	Truncated incorrect INTEGER value: '9223372036854775806.5'
Warning	1292	Truncated incorrect INTEGER value: '1234567890123456789012345678901234567890.5'
Warning	1292	Truncated incorrect INTEGER value: '-1.1'
Warning	1292	Truncated incorrect INTEGER value: '-1.9'
Warning	1292	Truncated incorrect INTEGER value: '-2.1'
Warning	1292	Truncated incorrect INTEGER value: '-2.9'
Warning	1292	Truncated incorrect INTEGER value: '-9223372036854775807.5'
Warning	1292	Truncated incorrect INTEGER value: '-9223372036854775806.5'
Warning	1292	Truncated incorrect INTEGER value: '-1234567890123456789012345678901234567890.5'
select col_text, cast(col_text as unsigned) from t1;
+---------------------------------------------+----------------------------+
| col_text                                    | cast(col_text as unsigned) |
+---------------------------------------------+----------------------------+
| 1.1                                         |                          1 |
| 1.9                                         |                          1 |
| 2.1                                         |                          2 |
| 2.9                                         |                          2 |
| 9223372036854775807                         |        9223372036854775807 |
| 9223372036854775807.5                       |        9223372036854775807 |
| 9223372036854775806.5                       |        9223372036854775806 |
| 1234567890123456789012345678901234567890.5  |       18446744073709551615 |
| -1.1                                        |       18446744073709551615 |
| -1.9                                        |       18446744073709551615 |
| -2.1                                        |       18446744073709551614 |
| -2.9                                        |       18446744073709551614 |
| -9223372036854775808                        |        9223372036854775808 |
| -9223372036854775807.5                      |        9223372036854775809 |
| -9223372036854775806.5                      |        9223372036854775810 |
| -1234567890123456789012345678901234567890.5 |       18446744073709551615 |
+---------------------------------------------+----------------------------+
Warnings:
Warning	1292	Truncated incorrect INTEGER value: '1.1'
Warning	1292	Truncated incorrect INTEGER value: '1.9'
Warning	1292	Truncated incorrect INTEGER value: '2.1'
Warning	1292	Truncated incorrect INTEGER value: '2.9'
Warning	1292	Truncated incorrect INTEGER value: '9223372036854775807.5'
Warning	1292	Truncated incorrect INTEGER value: '9223372036854775806.5'
Warning	1292	Truncated incorrect INTEGER value: '1234567890123456789012345678901234567890.5'
Warning	1292	Truncated incorrect INTEGER value: '-1.1'
Warning	1292	Truncated incorrect INTEGER value: '-1.9'
Warning	1292	Truncated incorrect INTEGER value: '-2.1'
Warning	1292	Truncated incorrect INTEGER value: '-2.9'
Warning	1292	Truncated incorrect INTEGER value: '-9223372036854775807.5'
Warning	1292	Truncated incorrect INTEGER value: '-9223372036854775806.5'
Warning	1292	Truncated incorrect INTEGER value: '-1234567890123456789012345678901234567890.5'

// 测试zerofill
// 应该有warning: Truncated incorrect CHAR(1) value: '001'
select cast(col_zf as char(1)) from tbl_check_zerofill;
+-------------------------+
| cast(col_zf as char(1)) |
+-------------------------+
| 0                       |
+-------------------------+
select cast(col_zf as char(2)) from tbl_check_zerofill;
+-------------------------+
| cast(col_zf as char(2)) |
+-------------------------+
| 00                      |
+-------------------------+
select cast(col_zf as char(3)) from tbl_check_zerofill;
+-------------------------+
| cast(col_zf as char(3)) |
+-------------------------+
| 001                     |
+-------------------------+
select cast(col_zf as char(4)) from tbl_check_zerofill;
+-------------------------+
| cast(col_zf as char(4)) |
+-------------------------+
| 001                     |
+-------------------------+
select cast(col_no_zf as char(1)) from tbl_check_zerofill;
+----------------------------+
| cast(col_no_zf as char(1)) |
+----------------------------+
| 1                          |
+----------------------------+
select cast(col_no_zf as char(1)) from tbl_check_zerofill;
+----------------------------+
| cast(col_no_zf as char(1)) |
+----------------------------+
| 1                          |
+----------------------------+
select cast(col_no_zf as char(2)) from tbl_check_zerofill;
+----------------------------+
| cast(col_no_zf as char(2)) |
+----------------------------+
| 1                          |
+----------------------------+
select cast(col_no_zf as char(3)) from tbl_check_zerofill;
+----------------------------+
| cast(col_no_zf as char(3)) |
+----------------------------+
| 1                          |
+----------------------------+
select cast(col_no_zf as char(4)) from tbl_check_zerofill;
+----------------------------+
| cast(col_no_zf as char(4)) |
+----------------------------+
| 1                          |
+----------------------------+

drop table t1;
create table t1(c1 varchar(3));
insert into t1 values('abc');
select cast(c1 as char(10)), concat(c1, '123') from t1;
+----------------------+-------------------+
| cast(c1 as char(10)) | concat(c1, '123') |
+----------------------+-------------------+
| abc                  | abc123            |
+----------------------+-------------------+
select cast(c1 as char(1)), concat(c1, '123') from t1;
+---------------------+-------------------+
| cast(c1 as char(1)) | concat(c1, '123') |
+---------------------+-------------------+
| a                   | abc123            |
+---------------------+-------------------+
select concat(cast(c1 as char(10)), '123') from t1;
+-------------------------------------+
| concat(cast(c1 as char(10)), '123') |
+-------------------------------------+
| abc123                              |
+-------------------------------------+
select concat(cast(c1 as char(1)), '123') from t1;
+------------------------------------+
| concat(cast(c1 as char(1)), '123') |
+------------------------------------+
| a123                               |
+------------------------------------+

drop table t1;
create table t1(c1 decimal(10, 3));
insert into t1 values(1.123);
select cast(c1 as decimal(10,1)), concat(c1, 'abc') from t1;
+---------------------------+-------------------+
| cast(c1 as decimal(10,1)) | concat(c1, 'abc') |
+---------------------------+-------------------+
|                       1.1 | 1.123abc          |
+---------------------------+-------------------+
select c1, cast(c1 as binary(10)), hex(cast(c1 as binary(10))) from t1;
+-------+------------------------+-----------------------------+
| c1    | cast(c1 as binary(10)) | hex(cast(c1 as binary(10))) |
+-------+------------------------+-----------------------------+
| 1.123 | 1.123                  | 312E3132330000000000        |
+-------+------------------------+-----------------------------+

drop table t1;
create table t1(c1 time(6));
insert into t1 values('11:11:11.123456');
select cast(c1 as time), concat(c1, 'abc') from t1;
+------------------+--------------------+
| cast(c1 as time) | concat(c1, 'abc')  |
+------------------+--------------------+
| 11:11:11         | 11:11:11.123456abc |
+------------------+--------------------+

drop table t1;
create table t1(col_utf8  varchar(100) collate utf8_general_ci,
                col_utf16 varchar(100) collate utf16_bin,
                col_gbk   varchar(100) collate gbk_chinese_ci);
insert into t1 values('123.123', '123.123', '123.123');
select cast(col_utf8 as char(10)), cast(col_utf16 as char(10)), cast(col_gbk as char(10)) from t1;
+----------------------------+-----------------------------+---------------------------+
| cast(col_utf8 as char(10)) | cast(col_utf16 as char(10)) | cast(col_gbk as char(10)) |
+----------------------------+-----------------------------+---------------------------+
| 123.123                    | 123.123                     | 123.123                   |
+----------------------------+-----------------------------+---------------------------+
select length(cast(col_utf8 as char(10))), length(cast(col_utf16 as char(10))), length(cast(col_gbk as char(10))) from t1;
+------------------------------------+-------------------------------------+-----------------------------------+
| length(cast(col_utf8 as char(10))) | length(cast(col_utf16 as char(10))) | length(cast(col_gbk as char(10))) |
+------------------------------------+-------------------------------------+-----------------------------------+
|                                  7 |                                   7 |                                 7 |
+------------------------------------+-------------------------------------+-----------------------------------+

select cast(col_utf8 as decimal(10, 1)), cast(col_utf16 as decimal(10, 5)), cast(col_gbk as decimal(10, 1)) from t1;
+----------------------------------+-----------------------------------+---------------------------------+
| cast(col_utf8 as decimal(10, 1)) | cast(col_utf16 as decimal(10, 5)) | cast(col_gbk as decimal(10, 1)) |
+----------------------------------+-----------------------------------+---------------------------------+
|                            123.1 |                         123.12300 |                           123.1 |
+----------------------------------+-----------------------------------+---------------------------------+

// binary/varbinary test, check if padding char is ok
select col_utf16, cast(col_utf16 as binary(20)), hex(cast(col_utf16 as binary(20))) from t1;
+-----------+-------------------------------+------------------------------------------+
| col_utf16 | cast(col_utf16 as binary(20)) | hex(cast(col_utf16 as binary(20)))       |
+-----------+-------------------------------+------------------------------------------+
| 123.123   |  1 2 3 . 1 2 3                | 003100320033002E003100320033000000000000 |
+-----------+-------------------------------+------------------------------------------+
select col_utf8, cast(col_utf8 as binary(20)), hex(cast(col_utf8 as binary(20))) from t1;
+----------+------------------------------+------------------------------------------+
| col_utf8 | cast(col_utf8 as binary(20)) | hex(cast(col_utf8 as binary(20)))        |
+----------+------------------------------+------------------------------------------+
| 123.123  | 123.123                      | 3132332E31323300000000000000000000000000 |
+----------+------------------------------+------------------------------------------+

drop table t1;
create table t1(c1 bigint unsigned);
insert into t1 values(18446744073709551615);
select cast(c1 as signed) from t1;
+--------------------+
| cast(c1 as signed) |
+--------------------+
|                 -1 |
+--------------------+
select c1, cast(c1 as binary(30)), hex(cast(c1 as binary(30))) from t1;
+----------------------+--------------------------------+--------------------------------------------------------------+
| c1                   | cast(c1 as binary(30))         | hex(cast(c1 as binary(30)))                                  |
+----------------------+--------------------------------+--------------------------------------------------------------+
| 18446744073709551615 | 18446744073709551615           | 313834343637343430373337303935353136313500000000000000000000 |
+----------------------+--------------------------------+--------------------------------------------------------------+

drop table t1;

# cast from string to float/double -> scalar
# Illegal character
select cast('d' as float);
+--------------------+
| cast('d' as float) |
+--------------------+
|                  0 |
+--------------------+
# Upward overbounds
select cast('3.4e39' as float);
+-------------------------+
| cast('3.4e39' as float) |
+-------------------------+
|              3.40282e38 |
+-------------------------+
select cast('3.4e308' as float);
+--------------------------+
| cast('3.4e308' as float) |
+--------------------------+
|               3.40282e38 |
+--------------------------+
select cast('3.4e39' as double);
+--------------------------+
| cast('3.4e39' as double) |
+--------------------------+
|                   3.4e39 |
+--------------------------+
select cast('3.4e308' as double);
+---------------------------+
| cast('3.4e308' as double) |
+---------------------------+
|    1.7976931348623157e308 |
+---------------------------+
select cast('-3.4e39' as float);
+--------------------------+
| cast('-3.4e39' as float) |
+--------------------------+
|              -3.40282e38 |
+--------------------------+
select cast('-3.4e308' as float);
+---------------------------+
| cast('-3.4e308' as float) |
+---------------------------+
|               -3.40282e38 |
+---------------------------+
select cast('-3.4e39' as double);
+---------------------------+
| cast('-3.4e39' as double) |
+---------------------------+
|                   -3.4e39 |
+---------------------------+
select cast('-3.4e308' as double);
+----------------------------+
| cast('-3.4e308' as double) |
+----------------------------+
|    -1.7976931348623157e308 |
+----------------------------+
# Downward overbounds
select cast('1e-40' as float);
+------------------------+
| cast('1e-40' as float) |
+------------------------+
|            9.99995e-41 |
+------------------------+
select cast('1e-46' as float);
+------------------------+
| cast('1e-46' as float) |
+------------------------+
|                      0 |
+------------------------+
select cast('1e-323' as float);
+-------------------------+
| cast('1e-323' as float) |
+-------------------------+
|                       0 |
+-------------------------+
select cast('1e-324' as float);
+-------------------------+
| cast('1e-324' as float) |
+-------------------------+
|                       0 |
+-------------------------+
select cast('1e-324' as double);
+--------------------------+
| cast('1e-324' as double) |
+--------------------------+
|                        0 |
+--------------------------+
select cast('-1e-40' as float);
+-------------------------+
| cast('-1e-40' as float) |
+-------------------------+
|            -9.99995e-41 |
+-------------------------+
select cast('-1e-46' as float);
+-------------------------+
| cast('-1e-46' as float) |
+-------------------------+
|                      -0 |
+-------------------------+
select cast('-1e-323' as float);
+--------------------------+
| cast('-1e-323' as float) |
+--------------------------+
|                       -0 |
+--------------------------+
select cast('-1e-324' as float);
+--------------------------+
| cast('-1e-324' as float) |
+--------------------------+
|                       -0 |
+--------------------------+
select cast('-1e-324' as double);
+---------------------------+
| cast('-1e-324' as double) |
+---------------------------+
|                        -0 |
+---------------------------+
# Precision
select cast('1.2345678' as float);
+----------------------------+
| cast('1.2345678' as float) |
+----------------------------+
|                    1.23457 |
+----------------------------+
select cast('1.234567901234567890' as double);
+----------------------------------------+
| cast('1.234567901234567890' as double) |
+----------------------------------------+
|                     1.2345679012345678 |
+----------------------------------------+
# Front blanks
select cast('  3' as float);
+----------------------+
| cast('  3' as float) |
+----------------------+
|                    3 |
+----------------------+
select cast('\t3' as float);
+----------------------+
| cast('\t3' as float) |
+----------------------+
|                    3 |
+----------------------+
select cast('\n3' as float);
+----------------------+
| cast('\n3' as float) |
+----------------------+
|                    3 |
+----------------------+
select cast('\v3' as float);
+----------------------+
| cast('\v3' as float) |
+----------------------+
|                    0 |
+----------------------+
select cast('\f3' as float);
+----------------------+
| cast('\f3' as float) |
+----------------------+
|                    0 |
+----------------------+
select cast('\r3' as float);
+----------------------+
| cast('\r3' as float) |
+----------------------+
|                    3 |
+----------------------+
select cast('\n\r3' as float);
+------------------------+
| cast('\n\r3' as float) |
+------------------------+
|                      3 |
+------------------------+
# Middle blanks
select cast('7   8' as float);
+------------------------+
| cast('7   8' as float) |
+------------------------+
|                      7 |
+------------------------+
# Zero and negative zero
select cast('0' as float);
+--------------------+
| cast('0' as float) |
+--------------------+
|                  0 |
+--------------------+
select cast('-0' as float);
+---------------------+
| cast('-0' as float) |
+---------------------+
|                  -0 |
+---------------------+

# cast from string to float/double -> vec
drop table if exists t1;
create table t1(a varchar(500) COLLATE utf8mb4_bin DEFAULT NULL) with column group (each column);
insert into t1 values('d');
insert into t1 values('3.4e39');
insert into t1 values('3.4e308');
insert into t1 values('-3.4e39');
insert into t1 values('-3.4e308');
insert into t1 values('1e-40');
insert into t1 values('1e-46');
insert into t1 values('1e-323');
insert into t1 values('1e-324');
insert into t1 values('-1e-40');
insert into t1 values('-1e-46');
insert into t1 values('-1e-323');
insert into t1 values('-1e-324');
insert into t1 values('1.2345678');
insert into t1 values('1.234567901234567890');
insert into t1 values('  3');
insert into t1 values('\t3');
insert into t1 values('\n3');
insert into t1 values('\v3');
insert into t1 values('\f3');
insert into t1 values('\r3');
insert into t1 values('\n\r3');
insert into t1 values('7   8');
insert into t1 values('0');
insert into t1 values('-0');
select cast(a as float) from t1;
+------------------+
| cast(a as float) |
+------------------+
|                0 |
|       3.40282e38 |
|       3.40282e38 |
|      -3.40282e38 |
|      -3.40282e38 |
|      9.99995e-41 |
|                0 |
|                0 |
|                0 |
|     -9.99995e-41 |
|               -0 |
|               -0 |
|               -0 |
|          1.23457 |
|          1.23457 |
|                3 |
|                3 |
|                3 |
|                0 |
|                0 |
|                3 |
|                3 |
|                7 |
|                0 |
|               -0 |
+------------------+
select cast(a as double) from t1;
+-------------------------+
| cast(a as double)       |
+-------------------------+
|                       0 |
|                  3.4e39 |
|  1.7976931348623157e308 |
|                 -3.4e39 |
| -1.7976931348623157e308 |
|                   1e-40 |
|                   1e-46 |
|                  1e-323 |
|                       0 |
|                  -1e-40 |
|                  -1e-46 |
|                 -1e-323 |
|                      -0 |
|               1.2345678 |
|      1.2345679012345678 |
|                       3 |
|                       3 |
|                       3 |
|                       0 |
|                       0 |
|                       3 |
|                       3 |
|                       7 |
|                       0 |
|                      -0 |
+-------------------------+
select cast('+-4' as double) from dual;
+-----------------------+
| cast('+-4' as double) |
+-----------------------+
|                     0 |
+-----------------------+
Warnings:
Warning	1292	Truncated incorrect DOUBLE value: '+-4'
select cast('+4' as double) from dual;
+----------------------+
| cast('+4' as double) |
+----------------------+
|                    4 |
+----------------------+

drop table t1;

drop table if exists t1;
drop table if exists t2;
drop table if exists t1_signed;
drop table if exists t1_unsigned;
drop table if exists t2_signed;
drop table if exists t2_unsigned;

drop view if exists v1_signed;
drop view if exists v1_unsigned;
drop view if exists v2_signed;
drop view if exists v2_unsigned;
create table t1 (c1 tinyint, c2 smallint, c3 mediumint, c4 int, c5 bigint);
create table t2 (c1 tinyint unsigned, c2 smallint unsigned, c3 mediumint unsigned, c4 int unsigned, c5 bigint unsigned);
explain select cast(c1 as signed), cast(c2 as signed), cast(c3 as signed), cast(c4 as signed), cast(c5 as signed) from t1;
Query Plan
===============================================
|ID|OPERATOR       |NAME|EST.ROWS|EST.TIME(us)|
-----------------------------------------------
|0 |TABLE FULL SCAN|t1  |1       |3           |
===============================================
Outputs & filters:
-------------------------------------
  0 - output([cast(t1.c1, BIGINT(0, 0))], [cast(t1.c2, BIGINT(0, 0))], [cast(t1.c3, BIGINT(0, 0))], [cast(t1.c4, BIGINT(0, 0))], [cast(t1.c5, BIGINT(0, 
      0))]), filter(nil), rowset=16
      access([t1.c1], [t1.c2], [t1.c3], [t1.c4], [t1.c5]), partitions(p0)
      is_index_back=false, is_global_index=false, 
      range_key([t1.__pk_increment]), range(MIN ; MAX)always true
create table t1_signed as select cast(c1 as signed), cast(c2 as signed), cast(c3 as signed), cast(c4 as signed), cast(c5 as signed) from t1;
desc t1_signed;
+--------------------+--------------+------+-----+---------+-------+
| Field              | Type         | Null | Key | Default | Extra |
+--------------------+--------------+------+-----+---------+-------+
| cast(c1 as signed) | tinyint(4)   | YES  |     | NULL    |       |
| cast(c2 as signed) | smallint(6)  | YES  |     | NULL    |       |
| cast(c3 as signed) | mediumint(9) | YES  |     | NULL    |       |
| cast(c4 as signed) | int(11)      | YES  |     | NULL    |       |
| cast(c5 as signed) | bigint(20)   | YES  |     | NULL    |       |
+--------------------+--------------+------+-----+---------+-------+
explain select cast(c1 as unsigned), cast(c2 as unsigned), cast(c3 as unsigned), cast(c4 as unsigned), cast(c5 as unsigned) from t1;
Query Plan
===============================================
|ID|OPERATOR       |NAME|EST.ROWS|EST.TIME(us)|
-----------------------------------------------
|0 |TABLE FULL SCAN|t1  |1       |3           |
===============================================
Outputs & filters:
-------------------------------------
  0 - output([cast(t1.c1, BIGINT UNSIGNED(0, 0))], [cast(t1.c2, BIGINT UNSIGNED(0, 0))], [cast(t1.c3, BIGINT UNSIGNED(0, 0))], [cast(t1.c4, BIGINT UNSIGNED(0,
       0))], [cast(t1.c5, BIGINT UNSIGNED(0, 0))]), filter(nil), rowset=16
      access([t1.c1], [t1.c2], [t1.c3], [t1.c4], [t1.c5]), partitions(p0)
      is_index_back=false, is_global_index=false, 
      range_key([t1.__pk_increment]), range(MIN ; MAX)always true
create table t1_unsigned as select cast(c1 as unsigned), cast(c2 as unsigned), cast(c3 as unsigned), cast(c4 as unsigned), cast(c5 as unsigned) from t1;
desc t1_unsigned;
+----------------------+-----------------------+------+-----+---------+-------+
| Field                | Type                  | Null | Key | Default | Extra |
+----------------------+-----------------------+------+-----+---------+-------+
| cast(c1 as unsigned) | tinyint(4) unsigned   | YES  |     | NULL    |       |
| cast(c2 as unsigned) | smallint(6) unsigned  | YES  |     | NULL    |       |
| cast(c3 as unsigned) | mediumint(9) unsigned | YES  |     | NULL    |       |
| cast(c4 as unsigned) | int(11) unsigned      | YES  |     | NULL    |       |
| cast(c5 as unsigned) | bigint(20) unsigned   | YES  |     | NULL    |       |
+----------------------+-----------------------+------+-----+---------+-------+

explain select cast(c1 as signed), cast(c2 as signed), cast(c3 as signed), cast(c4 as signed), cast(c5 as signed) from t2;
Query Plan
===============================================
|ID|OPERATOR       |NAME|EST.ROWS|EST.TIME(us)|
-----------------------------------------------
|0 |TABLE FULL SCAN|t2  |1       |3           |
===============================================
Outputs & filters:
-------------------------------------
  0 - output([cast(t2.c1, BIGINT(0, 0))], [cast(t2.c2, BIGINT(0, 0))], [cast(t2.c3, BIGINT(0, 0))], [cast(t2.c4, BIGINT(0, 0))], [cast(t2.c5, BIGINT(0, 
      0))]), filter(nil), rowset=16
      access([t2.c1], [t2.c2], [t2.c3], [t2.c4], [t2.c5]), partitions(p0)
      is_index_back=false, is_global_index=false, 
      range_key([t2.__pk_increment]), range(MIN ; MAX)always true
create table t2_signed as select cast(c1 as signed), cast(c2 as signed), cast(c3 as signed), cast(c4 as signed), cast(c5 as signed) from t2;
desc t2_signed;
+--------------------+--------------+------+-----+---------+-------+
| Field              | Type         | Null | Key | Default | Extra |
+--------------------+--------------+------+-----+---------+-------+
| cast(c1 as signed) | tinyint(3)   | YES  |     | NULL    |       |
| cast(c2 as signed) | smallint(5)  | YES  |     | NULL    |       |
| cast(c3 as signed) | mediumint(8) | YES  |     | NULL    |       |
| cast(c4 as signed) | int(10)      | YES  |     | NULL    |       |
| cast(c5 as signed) | bigint(20)   | YES  |     | NULL    |       |
+--------------------+--------------+------+-----+---------+-------+
explain select cast(c1 as unsigned), cast(c2 as unsigned), cast(c3 as unsigned), cast(c4 as unsigned), cast(c5 as unsigned) from t2;
Query Plan
===============================================
|ID|OPERATOR       |NAME|EST.ROWS|EST.TIME(us)|
-----------------------------------------------
|0 |TABLE FULL SCAN|t2  |1       |3           |
===============================================
Outputs & filters:
-------------------------------------
  0 - output([cast(t2.c1, BIGINT UNSIGNED(0, 0))], [cast(t2.c2, BIGINT UNSIGNED(0, 0))], [cast(t2.c3, BIGINT UNSIGNED(0, 0))], [cast(t2.c4, BIGINT UNSIGNED(0,
       0))], [cast(t2.c5, BIGINT UNSIGNED(0, 0))]), filter(nil), rowset=16
      access([t2.c1], [t2.c2], [t2.c3], [t2.c4], [t2.c5]), partitions(p0)
      is_index_back=false, is_global_index=false, 
      range_key([t2.__pk_increment]), range(MIN ; MAX)always true
create table t2_unsigned as select cast(c1 as unsigned), cast(c2 as unsigned), cast(c3 as unsigned), cast(c4 as unsigned), cast(c5 as unsigned) from t2;
desc t2_unsigned;
+----------------------+-----------------------+------+-----+---------+-------+
| Field                | Type                  | Null | Key | Default | Extra |
+----------------------+-----------------------+------+-----+---------+-------+
| cast(c1 as unsigned) | tinyint(3) unsigned   | YES  |     | NULL    |       |
| cast(c2 as unsigned) | smallint(5) unsigned  | YES  |     | NULL    |       |
| cast(c3 as unsigned) | mediumint(8) unsigned | YES  |     | NULL    |       |
| cast(c4 as unsigned) | int(10) unsigned      | YES  |     | NULL    |       |
| cast(c5 as unsigned) | bigint(20) unsigned   | YES  |     | NULL    |       |
+----------------------+-----------------------+------+-----+---------+-------+

create view v1_signed as select cast(c1 as signed), cast(c2 as signed), cast(c3 as signed), cast(c4 as signed), cast(c5 as signed) from t1;
desc v1_signed;
+--------------------+------------+------+-----+---------+-------+
| Field              | Type       | Null | Key | Default | Extra |
+--------------------+------------+------+-----+---------+-------+
| cast(c1 as signed) | bigint(4)  | YES  |     | NULL    |       |
| cast(c2 as signed) | bigint(6)  | YES  |     | NULL    |       |
| cast(c3 as signed) | bigint(9)  | YES  |     | NULL    |       |
| cast(c4 as signed) | bigint(11) | YES  |     | NULL    |       |
| cast(c5 as signed) | bigint(20) | YES  |     | NULL    |       |
+--------------------+------------+------+-----+---------+-------+
create view v1_unsigned as select cast(c1 as unsigned), cast(c2 as unsigned), cast(c3 as unsigned), cast(c4 as unsigned), cast(c5 as unsigned) from t1;
desc v1_unsigned;
+----------------------+---------------------+------+-----+---------+-------+
| Field                | Type                | Null | Key | Default | Extra |
+----------------------+---------------------+------+-----+---------+-------+
| cast(c1 as unsigned) | bigint(4) unsigned  | YES  |     | NULL    |       |
| cast(c2 as unsigned) | bigint(6) unsigned  | YES  |     | NULL    |       |
| cast(c3 as unsigned) | bigint(9) unsigned  | YES  |     | NULL    |       |
| cast(c4 as unsigned) | bigint(11) unsigned | YES  |     | NULL    |       |
| cast(c5 as unsigned) | bigint(20) unsigned | YES  |     | NULL    |       |
+----------------------+---------------------+------+-----+---------+-------+

create view v2_signed as select cast(c1 as signed), cast(c2 as signed), cast(c3 as signed), cast(c4 as signed), cast(c5 as signed) from t2;
desc v2_signed;
+--------------------+------------+------+-----+---------+-------+
| Field              | Type       | Null | Key | Default | Extra |
+--------------------+------------+------+-----+---------+-------+
| cast(c1 as signed) | bigint(3)  | YES  |     | NULL    |       |
| cast(c2 as signed) | bigint(5)  | YES  |     | NULL    |       |
| cast(c3 as signed) | bigint(8)  | YES  |     | NULL    |       |
| cast(c4 as signed) | bigint(10) | YES  |     | NULL    |       |
| cast(c5 as signed) | bigint(20) | YES  |     | NULL    |       |
+--------------------+------------+------+-----+---------+-------+
create view v2_unsigned as select cast(c1 as unsigned), cast(c2 as unsigned), cast(c3 as unsigned), cast(c4 as unsigned), cast(c5 as unsigned) from t2;
desc v2_unsigned;
+----------------------+---------------------+------+-----+---------+-------+
| Field                | Type                | Null | Key | Default | Extra |
+----------------------+---------------------+------+-----+---------+-------+
| cast(c1 as unsigned) | bigint(3) unsigned  | YES  |     | NULL    |       |
| cast(c2 as unsigned) | bigint(5) unsigned  | YES  |     | NULL    |       |
| cast(c3 as unsigned) | bigint(8) unsigned  | YES  |     | NULL    |       |
| cast(c4 as unsigned) | bigint(10) unsigned | YES  |     | NULL    |       |
| cast(c5 as unsigned) | bigint(20) unsigned | YES  |     | NULL    |       |
+----------------------+---------------------+------+-----+---------+-------+

drop table t1, t2, t1_signed, t1_unsigned, t2_signed, t2_unsigned;
drop view v1_signed, v1_unsigned, v2_signed, v2_unsigned;

